city,hotel_name,acc_type,price,hotel_star,no_of_ratings,rating,occupancy,lat_long
Manhattan,"The Plaza Hotel, New York",HOTEL,$797 ,5-star,,8.8,"1 room, 3 adults","['40.764238', '-73.973881']"
Manhattan,"The Surrey, New York",HOTEL,$581 ,5-star,See all 256 Hotels.com reviews,9,"1 room, 3 adults","['40.774487', '-73.963871']"
Manhattan,"East Village Townhouse, New York",HOTEL,,4-star,,Fabulous8.8,"1 room, 3 adults","['40.727216', '-73.988123']"
Manhattan,"Gramercy Park Hotel, New York",HOTEL,$408 ,5-star,See all 339 Hotels.com reviews,8.6,"1 room, 3 adults","['40.738481', '-73.985496']"
Manhattan,"Hotel Pennsylvania, New York",HOTEL,$99 ,2.5-star,"See all 6,818 Hotels.com reviews",4.8,"1 room, 3 adults","['40.749955', '-73.99137']"
Manhattan,"Night Hotel Times Square, New York",HOTEL,$99 ,4-star,,7,"1 room, 3 adults","['40.758975', '-73.984045']"
Manhattan,"The Milburn Hotel, New York",HOTEL,,3-star,See all 419 Hotels.com reviews,8.6,"1 room, 3 adults","['40.782037', '-73.981731']"
Manhattan,"104 Forsyth St. - Apt #5 - 2 Br Apts, New York",HOTEL,$338 ,3.5-star,,Fabulous8.8,"1 room, 3 adults","['40.7184', '-73.9927']"
Manhattan,"DoubleTree by Hilton New York City - Financial District, New York",HOTEL,$152 ,4-star,"See all 1,071 Hotels.com reviews",7.6,"1 room, 3 adults","['40.70402', '-74.01242']"
Manhattan,"Residence Inn Marriott New York Downtown Manhattan/WTC Area, New York",HOTEL,$148 ,3.5-star,See all 623 Hotels.com reviews,9,"1 room, 3 adults","['40.709657', '-74.010093']"
Manhattan,"The Sherry Netherland, New York",HOTEL,$459 ,4.5-star,See all 163 Hotels.com reviews,9.6,"1 room, 3 adults","['40.76453', '-73.97285']"
Manhattan,"The Franklin Hotel, New York",HOTEL,$207 ,3.5-star,See all 544 Hotels.com reviews,6.8,"1 room, 3 adults","['40.779886', '-73.954404']"
Manhattan,"Orchard Street Hotel, New York",HOTEL,$125 ,3-star,See all 277 Hotels.com reviews,7.8,"1 room, 3 adults","['40.721083', '-73.988709']"
Manhattan,"Northern Lights Mansion, New York",HOTEL,$198 ,3.5-star,,9,"1 room, 3 adults","['40.807343', '-73.950514']"
Manhattan,"Staybridge Suites Times Square, New York",HOTEL,$125 ,3.5-star,"See all 1,692 Hotels.com reviews",8.4,"1 room, 3 adults","['40.756731', '-73.992607']"
Manhattan,"Studio Plus, New York",HOTEL,,3-star,See all 106 Hotels.com reviews,6.8,"1 room, 3 adults","['40.747288', '-73.987753']"
Manhattan,"Fairfield Inn & Suites New York Manhattan/Downtown East, New York",HOTEL,$119 ,2.5-star,See all 237 Hotels.com reviews,8.6,"1 room, 3 adults","['40.713128', '-73.992859']"
Manhattan,"Beautiful Two Bedroom Manhattan Apartment, New York",HOTEL,,4-star,,Fabulous8.8,"1 room, 3 adults","['40.77837', '-73.94733']"
Manhattan,"City Club Hotel, New York",HOTEL,$129 ,4-star,See all 865 Hotels.com reviews,8.6,"1 room, 3 adults","['40.755772', '-73.982292']"
Manhattan,"Best Western Plus Hospitality House, New York",HOTEL,$150 ,2.5-star,See all 212 Hotels.com reviews,8.8,"1 room, 3 adults","['40.755593', '-73.972159']"
Manhattan,"Holiday Inn Express New York City- Wall Street, New York",HOTEL,$96 ,3-star,See all 423 Hotels.com reviews,8.2,"1 room, 3 adults","['40.705437', '-74.007122']"
Manhattan,"Four Points By Sheraton Manhattan Midtown West, New York",HOTEL,$109 ,3-star,,8.8,"1 room, 3 adults","['40.75506', '-73.99868']"
Manhattan,"Pod Times Square, New York",HOTEL,$104 ,3-star,,8.8,"1 room, 3 adults","['40.758563', '-73.992993']"
Manhattan,"Wall Street Apartment, New York",HOTEL,,3-star,,Fabulous8.8,"1 room, 3 adults","['40.704946', '-74.007531']"
Manhattan,"The Gatsby Hotel, New York",HOTEL,$134 ,3.5-star,,8,"1 room, 3 adults","['40.72312', '-73.99024']"
Manhattan,"Luxury Studio Suite w/ Free Continental Breakfast Studio Bedroom 1 Bathroom Apts, New York",HOTEL,,,,Fabulous8.8,"1 room, 3 adults","['40.753401', '-73.966174']"
Manhattan,"W New York - Union Square, New York",HOTEL,$314 ,4.5-star,See all 234 Hotels.com reviews,8.6,"1 room, 3 adults","['40.73653', '-73.98899']"
Manhattan,"Luxury Suites Lenox Ave , New York",HOTEL,,4-star,,Fabulous8.8,"1 room, 3 adults","['40.806222', '-73.946685']"
Manhattan,"Four Seasons Hotel New York Downtown, New York",HOTEL,$555 ,5-star,See all 171 Hotels.com reviews,9.6,"1 room, 3 adults","['40.712544', '-74.009306']"
Manhattan,"45th Street #226384 - 1 Br Condo, New York",HOTEL,,3.5-star,,Fabulous8.8,"1 room, 3 adults","['40.75269', '-73.97276']"
Manhattan,"Dylan Hotel NYC, New York",HOTEL,$170 ,4-star,See all 549 Hotels.com reviews,7.6,"1 room, 3 adults","['40.75193', '-73.97926']"
Manhattan,"The William, New York",HOTEL,$179 ,4-star,See all 18 Hotels.com reviews,9.2,"1 room, 3 adults","['40.75057', '-73.98019']"
Manhattan,"Luxury Suites Upper West Brownstone, New York",HOTEL,,4-star,,Fabulous8.8,"1 room, 3 adults","['40.818223', '-73.942784']"
Manhattan,"Heritage Hotel, New York",HOTEL,$118 ,2.5-star,,7.4,"1 room, 3 adults","['40.743375', '-73.989991']"
Manhattan,"Refinery Hotel, New York",HOTEL,$179 ,5-star,See all 852 Hotels.com reviews,9.2,"1 room, 3 adults","['40.752109', '-73.985461']"
Manhattan,"The Chatwal, a Luxury Collection Hotel, New York City, New York",HOTEL,$525 ,5-star,See all 127 Hotels.com reviews,9.2,"1 room, 3 adults","['40.7565', '-73.98458']"
Manhattan,"Courtyard by Marriott New York Manhattan / Chelsea, New York",HOTEL,$127 ,3.5-star,See all 558 Hotels.com reviews,9,"1 room, 3 adults","['40.74803', '-73.9914']"
Manhattan,"Pod 39, New York",HOTEL,$119 ,3-star,"See all 3,393 Hotels.com reviews",8.4,"1 room, 3 adults","['40.749285', '-73.976698']"
Manhattan,"Incentra Village Hotel, New York",HOTEL,$188 ,3-star,See all 73 Hotels.com reviews,8.2,"1 room, 3 adults","['40.738', '-74.004299']"
Manhattan,"Renovated 2 BR Central Park, New York",HOTEL,$249 ,3.5-star,,5.2,"1 room, 3 adults","['40.764721', '-73.988061']"
Manhattan,"Hotel 48LEX New York, New York",HOTEL,$187 ,4.5-star,See all 480 Hotels.com reviews,8.4,"1 room, 3 adults","['40.75525', '-73.9732']"
Manhattan,"The Peninsula New York, New York",HOTEL,$745 ,5-star,See all 568 Hotels.com reviews,9.4,"1 room, 3 adults","['40.76165', '-73.9749']"
Manhattan,"GEM Hotel - Chelsea, New York",HOTEL,$134 ,3-star,See all 266 Hotels.com reviews,7.8,"1 room, 3 adults","['40.7447', '-73.9991']"
Manhattan,"Holiday Inn Express Manhattan Times Square South, New York",HOTEL,$126 ,3-star,See all 609 Hotels.com reviews,8.4,"1 room, 3 adults","['40.751079', '-73.98685']"
Manhattan,"Chelsea Mews Guest House All Male, New York",HOTEL,,2.5-star,,4.8,"1 room, 3 adults","['40.74103', '-74.00379']"
Manhattan,"Cambria Hotel New York - Times Square, New York",HOTEL,$118 ,3-star,"See all 1,023 Hotels.com reviews",9,"1 room, 3 adults","['40.756682', '-73.98049']"
Manhattan,"Chambers Hotel, New York",HOTEL,$251 ,4-star,See all 280 Hotels.com reviews,8.8,"1 room, 3 adults","['40.76249', '-73.9749']"
Manhattan,"Rostel- Hostel, New York",HOTEL,,2.5-star,See all 9 Hotels.com reviews,5.6,"1 room, 3 adults","['40.79842', '-73.941141']"
Manhattan,"Hamilton Heights Lovely Apartments, New York",HOTEL,,3.5-star,,5.8,"1 room, 3 adults","['40.81982', '-73.95287']"
Manhattan,"NoMo SoHo, New York",HOTEL,$148 ,4.5-star,See all 885 Hotels.com reviews,8.4,"1 room, 3 adults","['40.719921', '-74.000304']"
Manhattan,"The Pierre, A Taj Hotel, New York, New York",HOTEL,$595 ,5-star,See all 267 Hotels.com reviews,9.4,"1 room, 3 adults","['40.765341', '-73.972221']"
Manhattan,"onefinestay - Upper West Side private homes, New York",HOTEL,,4.5-star,,Fabulous8.8,"1 room, 3 adults","['40.791474', '-73.974117']"
Manhattan,"Amazing Studio in the Heart of Manhattan, New York",HOTEL,,3.5-star,,6.8,"1 room, 3 adults","['40.768779', '-73.968182']"
Manhattan,"Midtown West Vacation Rentals, New York",HOTEL,,3-star,,5.6,"1 room, 3 adults","['40.754821', '-73.995251']"
Manhattan,"Hampton Inn New York - 35th Street - Empire State Building, New York",HOTEL,$99 ,3-star,See all 963 Hotels.com reviews,8.6,"1 room, 3 adults","['40.750129', '-73.986505']"
Manhattan,"Bryant Park Studio Apartment next to Times Square, New York",HOTEL,,3-star,See all 4 Hotels.com reviews,Fabulous8.8,"1 room, 3 adults","['40.752293', '-73.985893']"
Manhattan,"Hampton Inn Manhattan-Seaport-Financial District, New York",HOTEL,$134 ,3-star,See all 315 Hotels.com reviews,8.2,"1 room, 3 adults","['40.709012', '-74.002244']"
Manhattan,"Chelsea Studio DR05, New York",HOTEL,,3-star,,Fabulous8.8,"1 room, 3 adults","['40.743656', '-73.990662']"
Manhattan,"Midtown East 1 Bedroom DR08, New York",HOTEL,,3.5-star,,Fabulous8.8,"1 room, 3 adults","['40.75724', '-73.96824']"
Manhattan,"AKA United Nations, New York",HOTEL,,4-star,See all 4 Hotels.com reviews,Fabulous8.8,"1 room, 3 adults","['40.75266', '-73.97133']"
Manhattan,"The Manhattan at Times Square Hotel, New York",HOTEL,$94 ,4-star,"See all 4,077 Hotels.com reviews",6.2,"1 room, 3 adults","['40.762045', '-73.982587']"
Manhattan,"Renaissance New York Hotel 57, New York",HOTEL,$146 ,4-star,See all 739 Hotels.com reviews,8.2,"1 room, 3 adults","['40.761028', '-73.969514']"
Manhattan,"The Park Ave North, New York",HOTEL,$104 ,3-star,,7.8,"1 room, 3 adults","['40.807801', '-73.937651']"
Manhattan,"Soho Garden Hotel, New York",HOTEL,$199 ,2.5-star,See all 556 Hotels.com reviews,7.8,"1 room, 3 adults","['40.719179', '-74.001653']"
Manhattan,"Washington Heights Manhattan 3 BR, New York",HOTEL,,3-star,,Fabulous8.8,"1 room, 3 adults","['40.84696', '-73.93587']"
Manhattan,"Times Square Theater Dist. 2BR Gem, New York",HOTEL,,3-star,,Fabulous8.8,"1 room, 3 adults","['40.76322', '-73.99461']"
Manhattan,"1 Hotel Central Park, New York",HOTEL,$289 ,5-star,See all 619 Hotels.com reviews,9.2,"1 room, 3 adults","['40.764834', '-73.976847']"
Manhattan,"SIXTY SoHo, New York",HOTEL,$195 ,4.5-star,See all 200 Hotels.com reviews,9.2,"1 room, 3 adults","['40.724026', '-74.003338']"
Manhattan,"The Beekman, A Thompson Hotel, New York",HOTEL,$329 ,5-star,See all 455 Hotels.com reviews,9.4,"1 room, 3 adults","['40.711373', '-74.00669']"
Manhattan,"InterContinental - New York Times Square, New York",HOTEL,$201 ,5-star,"See all 1,189 Hotels.com reviews",8.4,"1 room, 3 adults","['40.758741', '-73.989322']"
Manhattan,"MySuites, New York",HOTEL,,4-star,See all 28 Hotels.com reviews,8,"1 room, 3 adults","['40.733406', '-74.004285']"
Manhattan,"Hilton Garden Inn New York/West 35th Street, New York",HOTEL,$98 ,3-star,"See all 1,406 Hotels.com reviews",8.8,"1 room, 3 adults","['40.750216', '-73.986721']"
Manhattan,"11 Howard, New York",HOTEL,$219 ,5-star,See all 375 Hotels.com reviews,8.6,"1 room, 3 adults","['40.719249', '-73.999993']"
Manhattan,"Walker Hotel Tribeca, New York",HOTEL,,,,Fabulous8.8,"1 room, 3 adults","['40.71826', '-74.00202']"
Manhattan,"138 Bowery, New York",HOTEL,$119 ,3-star,,Fabulous8.8,"1 room, 3 adults","['40.719138', '-73.994808']"
Manhattan,"Holiday Inn Express New York - Manhattan West Side, New York",HOTEL,$105 ,3-star,See all 641 Hotels.com reviews,8.2,"1 room, 3 adults","['40.764167', '-73.994468']"
Manhattan,"Walker Hotel Greenwich Village, New York",HOTEL,$235 ,4.5-star,See all 266 Hotels.com reviews,8.8,"1 room, 3 adults","['40.736297', '-73.996547']"
Manhattan,"Seton Hotel, New York",HOTEL,$100 ,3-star,See all 777 Hotels.com reviews,8.2,"1 room, 3 adults","['40.749761', '-73.976188']"
Manhattan,"Windsor Hotel, New York",HOTEL,$136 ,2-star,See all 289 Hotels.com reviews,5.4,"1 room, 3 adults","['40.71873', '-73.99269']"
Manhattan,"Best Western Premier Herald Square, New York",HOTEL,$110 ,3-star,"See all 1,170 Hotels.com reviews",8.8,"1 room, 3 adults","['40.750525', '-73.985563']"
Manhattan,"onefinestay - Soho private homes, New York",HOTEL,,4.5-star,,Fabulous8.8,"1 room, 3 adults","['40.721767', '-74.006395']"
Manhattan,"The Surrey, New York",HOTEL,$581 ,5-star,See all 256 Hotels.com reviews,9,"1 room, 3 adults","['40.774487', '-73.963871']"
Manhattan,"The Watson Hotel, New York",HOTEL,$94 ,3.5-star,"See all 4,095 Hotels.com reviews",7.8,"1 room, 3 adults","['40.76823', '-73.98745']"
Manhattan,"The Grand NYC, New York",HOTEL,$46 ,2-star,,5,"1 room, 3 adults","['40.74725', '-73.98776']"
Manhattan,"The Benjamin, New York",HOTEL,$199 ,4.5-star,See all 421 Hotels.com reviews,8.8,"1 room, 3 adults","['40.756384', '-73.972087']"
Manhattan,"onefinestay - Upper East Side private homes, New York",HOTEL,,4.5-star,,Fabulous8.8,"1 room, 3 adults","['40.777192', '-73.952287']"
Manhattan,"337 East Apartment #232415 - Studio Apts, New York",HOTEL,,3-star,,Fabulous8.8,"1 room, 3 adults","['40.774258', '-73.952679']"
Manhattan,"Madison LES Hotel, New York",HOTEL,$135 ,3-star,,7.8,"1 room, 3 adults","['40.71221', '-73.99269']"
Manhattan,"Holiday Inn Express New York City Times Square, New York",HOTEL,$110 ,3-star,See all 778 Hotels.com reviews,7.8,"1 room, 3 adults","['40.756194', '-73.993219']"
Manhattan,"Cassa Hotel NY 45th Street, New York",HOTEL,$180 ,4-star,"See all 1,270 Hotels.com reviews",8.8,"1 room, 3 adults","['40.756473', '-73.982168']"
Manhattan,"New York Marriott East Side, New York",HOTEL,$206 ,4-star,See all 852 Hotels.com reviews,8.2,"1 room, 3 adults","['40.75553', '-73.97305']"
Manhattan,"Waldorf Astoria New York, New York",HOTEL,,4.5-star,See all 610 Hotels.com reviews,8,"1 room, 3 adults","['40.75658', '-73.97432']"
Manhattan,"The Kimberly Hotel, New York",HOTEL,$218 ,4-star,"See all 1,516 Hotels.com reviews",9.4,"1 room, 3 adults","['40.756137', '-73.971505']"
Manhattan,"The Lex NYC, New York",HOTEL,$149 ,3.5-star,See all 398 Hotels.com reviews,8.8,"1 room, 3 adults","['40.740169', '-73.984262']"
Manhattan,"New York Hilton Midtown, New York",HOTEL,$179 ,4-star,,8.2,"1 room, 3 adults","['40.76225', '-73.97874']"
Manhattan,"The Mark, New York",HOTEL,$695 ,5-star,See all 197 Hotels.com reviews,9.6,"1 room, 3 adults","['40.775147', '-73.963432']"
Manhattan,"Hampton Inn Manhattan-Chelsea, New York",HOTEL,$101 ,3-star,See all 815 Hotels.com reviews,8.6,"1 room, 3 adults","['40.743825', '-73.992972']"
Manhattan,"Edge Hotel, New York",HOTEL,$209 ,3.5-star,See all 294 Hotels.com reviews,8.8,"1 room, 3 adults","['40.840226', '-73.937751']"
Manhattan,"Green Holidays Apartments, New York",HOTEL,$94 ,3.5-star,See all 37 Hotels.com reviews,6.2,"1 room, 3 adults","['40.747301', '-73.98775']"
Manhattan,"Stewart Hotel, New York",HOTEL,$116 ,4-star,"See all 2,935 Hotels.com reviews",7.6,"1 room, 3 adults","['40.74892', '-73.99218']"
Manhattan,"Fifty Hotel & Suites by Affinia, New York",HOTEL,$125 ,4-star,See all 808 Hotels.com reviews,8.4,"1 room, 3 adults","['40.7561', '-73.971']"
Manhattan,"Candlewood Suites New York City-Times Square, New York",HOTEL,$115 ,3-star,See all 459 Hotels.com reviews,8.2,"1 room, 3 adults","['40.756149', '-73.993114']"
Manhattan,"Shelburne Hotel & Suites by Affinia, New York",HOTEL,$174 ,4-star,"See all 1,934 Hotels.com reviews",8.2,"1 room, 3 adults","['40.748379', '-73.97789']"
Manhattan,"Hilton New York Fashion District, New York",HOTEL,$107 ,4-star,See all 826 Hotels.com reviews,8.6,"1 room, 3 adults","['40.745722', '-73.993641']"
Manhattan,"Arlo SoHo, New York",HOTEL,$144 ,4-star,"See all 1,169 Hotels.com reviews",8.8,"1 room, 3 adults","['40.724241', '-74.007842']"
Manhattan,"Hampton Inn Madison Square Garden Area Hotel, New York",HOTEL,$110 ,3-star,See all 781 Hotels.com reviews,8.6,"1 room, 3 adults","['40.748256', '-73.990032']"
Manhattan,"Duane Street Hotel Tribeca, New York",HOTEL,$139 ,4-star,See all 221 Hotels.com reviews,8.6,"1 room, 3 adults","['40.716039', '-74.007309']"
Manhattan,"Fitzpatrick Manhattan Hotel, New York",HOTEL,$178 ,4-star,See all 539 Hotels.com reviews,9,"1 room, 3 adults","['40.76072', '-73.969295']"
Manhattan,"Hotel 99, New York",HOTEL,,2-star,,Fabulous8.8,"1 room, 3 adults","['40.796751', '-73.970768']"
Manhattan,"Hotel Mulberry, New York",HOTEL,$139 ,3-star,See all 600 Hotels.com reviews,9,"1 room, 3 adults","['40.715425', '-73.999515']"
Manhattan,"NY010 2 Bedroom Apartment By Senstay, New York",HOTEL,,3.5-star,,Fabulous8.8,"1 room, 3 adults","['40.7609', '-73.98893']"
Manhattan,"DoubleTree by Hilton New York Times Square West, New York",HOTEL,$95 ,4-star,"See all 1,715 Hotels.com reviews",8,"1 room, 3 adults","['40.75682', '-73.99298']"
Manhattan,"Upper East Side Apartments, New York",HOTEL,,3.5-star,,Fabulous8.8,"1 room, 3 adults","['40.79592', '-73.94878']"
Manhattan,"WestHouse New York, New York",HOTEL,$155 ,5-star,See all 749 Hotels.com reviews,8.4,"1 room, 3 adults","['40.764421', '-73.98144']"
Manhattan,"Hotel On Rivington, New York",HOTEL,$266 ,4-star,See all 330 Hotels.com reviews,8.4,"1 room, 3 adults","['40.71983', '-73.98806']"
Manhattan,"Hilton Garden Inn New York/Midtown Park Ave, New York",HOTEL,$100 ,3.5-star,See all 696 Hotels.com reviews,8.8,"1 room, 3 adults","['40.746662', '-73.982421']"
Manhattan,"Homewood Suites New York/Midtown Manhattan Times Square, New York",HOTEL,$129 ,3.5-star,"See all 1,446 Hotels.com reviews",9,"1 room, 3 adults","['40.754452', '-73.993009']"
Manhattan,"The Langham, New York, Fifth Avenue, New York",HOTEL,$401 ,5-star,See all 548 Hotels.com reviews,9.4,"1 room, 3 adults","['40.750089', '-73.983368']"
Manhattan,"The Nomad Suites & Apartments, New York",HOTEL,$77 ,3.5-star,,6.6,"1 room, 3 adults","['40.747542', '-73.988336']"
Manhattan,"Hampton Inn Manhattan Grand Central, New York",HOTEL,$114 ,3-star,See all 436 Hotels.com reviews,8.8,"1 room, 3 adults","['40.750738', '-73.972332']"
Manhattan,"The Marcel at Gramercy, New York",HOTEL,$129 ,4-star,See all 739 Hotels.com reviews,8.2,"1 room, 3 adults","['40.739362', '-73.982337']"
Manhattan,"Jazz On The Park Hostel, New York",HOTEL,,2-star,See all 59 Hotels.com reviews,6,"1 room, 3 adults","['40.7982', '-73.96097']"
Manhattan,"The Ridge Hotel, New York",HOTEL,$104 ,3-star,See all 234 Hotels.com reviews,8.4,"1 room, 3 adults","['40.72287', '-73.9894']"
Manhattan,"INNSIDE by Meli√† New York Nomad, New York",HOTEL,$172 ,4.5-star,"See all 1,472 Hotels.com reviews",8.8,"1 room, 3 adults","['40.746178', '-73.992745']"
Manhattan,"415 East 54th St - 2 Br Apts, New York",HOTEL,,4-star,,Fabulous8.8,"1 room, 3 adults","['40.7663', '-73.9884']"
Manhattan,"Hotel St. James, New York",HOTEL,$231 ,2.5-star,"See all 3,644 Hotels.com reviews",7.6,"1 room, 3 adults","['40.757036', '-73.983307']"
Manhattan,"Courtyard by Marriott New York Manhattan/Upper East Side, New York",HOTEL,$119 ,3.5-star,"See all 1,186 Hotels.com reviews",8.2,"1 room, 3 adults","['40.780392', '-73.945881']"
Manhattan,"Hotel Edison, New York",HOTEL,$87 ,3.5-star,"See all 4,500 Hotels.com reviews",7.6,"1 room, 3 adults","['40.759797', '-73.986025']"
Manhattan,"Courtyard by Marriott New York Manhattan / Central Park, New York",HOTEL,$179 ,3.5-star,See all 490 Hotels.com reviews,8.6,"1 room, 3 adults","['40.764207', '-73.98246']"
Manhattan,"329 East #232474 - 2 Br Apts, New York",HOTEL,,3.5-star,,Fabulous8.8,"1 room, 3 adults","['40.782498', '-73.946405']"
Manhattan,"Hotel Mimosa, New York",HOTEL,$153 ,2.5-star,See all 291 Hotels.com reviews,8.2,"1 room, 3 adults","['40.714312', '-73.993821']"
Manhattan,"YOTEL New York, New York",HOTEL,$129 ,4-star,"See all 6,367 Hotels.com reviews",8.4,"1 room, 3 adults","['40.759184', '-73.995798']"
Manhattan,"The Townhouse Inn of Chelsea, New York",HOTEL,$199 ,3.5-star,See all 321 Hotels.com reviews,9,"1 room, 3 adults","['40.743407', '-73.993995']"
Manhattan,"My Favorite Place B&B, New York",HOTEL,,3-star,,9.2,"1 room, 3 adults","['40.800309', '-73.945698']"
Manhattan,"Hilton Garden Inn Times Square, New York",HOTEL,$99 ,3.5-star,"See all 1,933 Hotels.com reviews",8.6,"1 room, 3 adults","['40.76112', '-73.98695']"
Manhattan,"Beekman Tower Studio Suite 0 Bedroom 1 Bathroom Apts, New York",HOTEL,,,,Fabulous8.8,"1 room, 3 adults","['40.753401', '-73.966174']"
Manhattan,"Residence Inn New York Manhattan/Central Park, New York",HOTEL,$219 ,3.5-star,See all 558 Hotels.com reviews,8.8,"1 room, 3 adults","['40.764265', '-73.982452']"
Manhattan,"Four Points by Sheraton Midtown-Times Square, New York",HOTEL,$115 ,3.5-star,See all 631 Hotels.com reviews,8.4,"1 room, 3 adults","['40.756587', '-73.992239']"
Manhattan,"Sanctuary NYC Retreats, New York",HOTEL,$134 ,3-star,See all 87 Hotels.com reviews,9.2,"1 room, 3 adults","['40.719832', '-73.983133']"
Manhattan,"Royalton Park Avenue, New York",HOTEL,$150 ,5-star,See all 618 Hotels.com reviews,8.6,"1 room, 3 adults","['40.743857', '-73.983766']"
Manhattan,"Roxy Hotel Tribeca, New York",HOTEL,$219 ,4.5-star,See all 841 Hotels.com reviews,9,"1 room, 3 adults","['40.71905', '-74.00519']"
Manhattan,"Beekman Tower Two Bedroom Suite 2 Bedrooms 1 Bathroom Apts, New York",HOTEL,,,,Fabulous8.8,"1 room, 3 adults","['40.7534', '-73.9662']"
Manhattan,"Sonder - Wall Street, New York",HOTEL,,4-star,,Fabulous8.8,"1 room, 3 adults","['40.7068', '-74.011383']"
Manhattan,"Marrakech Hotel New York City, New York",HOTEL,$85 ,3-star,See all 822 Hotels.com reviews,6.4,"1 room, 3 adults","['40.79895', '-73.96853']"
Manhattan,"Times Square Home, New York",HOTEL,,2.5-star,,Fabulous8.8,"1 room, 3 adults","['40.763554', '-73.985191']"
Manhattan,"Skyline Hotel, New York",HOTEL,$158 ,3-star,See all 880 Hotels.com reviews,8,"1 room, 3 adults","['40.76425', '-73.9921']"
Manhattan,"Manhattan Inwood West Side Broadway, New York",HOTEL,,3.5-star,,Fabulous8.8,"1 room, 3 adults","['40.868162', '-73.924919']"
Manhattan,"Upper West Side Sugarhill, New York",HOTEL,,4-star,,Fabulous8.8,"1 room, 3 adults","['40.827829', '-73.942004']"
Manhattan,"Club Quarters Hotel, Grand Central, New York",HOTEL,$137 ,4-star,"See all 1,208 Hotels.com reviews",8.8,"1 room, 3 adults","['40.753248', '-73.974406']"
Manhattan,"Hotel Richland New York, New York",HOTEL,,,,Fabulous8.8,"1 room, 3 adults","['40.714713', '-73.993107']"
Manhattan,"The Time New York, New York",HOTEL,$159 ,4.5-star,See all 722 Hotels.com reviews,8.4,"1 room, 3 adults","['40.761116', '-73.985292']"
Manhattan,"Midtown East 1BR with Private Balcony DR#26, New York",HOTEL,,3.5-star,,Fabulous8.8,"1 room, 3 adults","['40.757178', '-73.968146']"
Manhattan,"Hotel Giraffe by Library Hotel Collection, New York",HOTEL,$251 ,4-star,See all 316 Hotels.com reviews,9.6,"1 room, 3 adults","['40.74214', '-73.98489']"
Manhattan,"Midtown East 1BR Six DR27, New York",HOTEL,,3.5-star,,Fabulous8.6,"1 room, 3 adults","['40.757178', '-73.968146']"
Manhattan,"Baccarat Hotel and Residences New York, New York",HOTEL,$945 ,5-star,See all 109 Hotels.com reviews,9.4,"1 room, 3 adults","['40.760949', '-73.977178']"
Manhattan,"Beekman Tower One Bedroom Suite 1 Bedroom 1 Bathroom Apts, New York",HOTEL,,,,Fabulous8.8,"1 room, 3 adults","['40.753401', '-73.966174']"
Manhattan,"Collective Governors Island, New York",HOTEL,$390 ,2-star,,Fabulous8.8,"1 room, 3 adults","['40.689798', '-74.022441']"
Manhattan,"The Marmara Park Avenue, New York",HOTEL,$293 ,5-star,See all 380 Hotels.com reviews,8.8,"1 room, 3 adults","['40.745264', '-73.981634']"
Manhattan,"The Library Hotel by Library Hotel Collection, New York",HOTEL,$287 ,4-star,See all 265 Hotels.com reviews,9.6,"1 room, 3 adults","['40.75219', '-73.97973']"
Manhattan,"WeLive Wall Street, New York",HOTEL,$191 ,3.5-star,,Very Good8.0,"1 room, 3 adults","['40.704903', '-74.006417']"
Manhattan,"NY093 0 Bedroom Studio By Senstay, New York",HOTEL,,3.5-star,,Fabulous8.8,"1 room, 3 adults","['40.73097', '-74.00587']"
Manhattan,"318 East 59th Street #1b. 197 2 Bedrooms 1 Bathroom Apts, New York",HOTEL,,,,Fabulous8.8,"1 room, 3 adults","['40.760083', '-73.963448']"
Manhattan,"Hotel Wales, New York",HOTEL,$183 ,3.5-star,See all 371 Hotels.com reviews,8.2,"1 room, 3 adults","['40.785006', '-73.955795']"
Manhattan,"Concorde Hotel New York, New York",HOTEL,$285 ,3.5-star,,9,"1 room, 3 adults","['40.75991', '-73.97047']"
Manhattan,"Aloft Harlem, New York",HOTEL,$143 ,3.5-star,See all 329 Hotels.com reviews,8.4,"1 room, 3 adults","['40.80921', '-73.95184']"
Manhattan,"DoubleTree by Hilton New York City - Chelsea, New York",HOTEL,$103 ,4-star,"See all 1,225 Hotels.com reviews",7.8,"1 room, 3 adults","['40.747162', '-73.991284']"
Manhattan,"Manhattan Bowery Lodge, New York",HOTEL,,2-star,,5.4,"1 room, 3 adults","['40.71673', '-73.99567']"
Manhattan,"Eurostars Wall Street, New York",HOTEL,$103 ,4-star,See all 347 Hotels.com reviews,7.4,"1 room, 3 adults","['40.70523', '-74.00638']"
Manhattan,"Holiday Inn Manhattan-Financial District, New York",HOTEL,$95 ,4-star,"See all 1,823 Hotels.com reviews",8.2,"1 room, 3 adults","['40.708333', '-74.014356']"
Manhattan,"The Times Square EDITION, New York",HOTEL,$314 ,4.5-star,,Very Good8.2,"1 room, 3 adults","['40.75917', '-73.98411']"
Manhattan,"Loews Regency New York Hotel, New York",HOTEL,$459 ,5-star,See all 635 Hotels.com reviews,9,"1 room, 3 adults","['40.764458', '-73.968852']"
Manhattan,"Warwick New York, New York",HOTEL,$153 ,4.5-star,"See all 1,529 Hotels.com reviews",8.8,"1 room, 3 adults","['40.762256', '-73.978264']"
Manhattan,"Fairfield Inn & Suites New York Midtown Manhattan/Penn Station, New York",HOTEL,$134 ,3-star,"See all 1,131 Hotels.com reviews",8.8,"1 room, 3 adults","['40.752083', '-73.995273']"
Manhattan,"NY060 1 Bedroom Apartment By Senstay, New York",HOTEL,,3.5-star,,Fabulous8.8,"1 room, 3 adults","['40.73554', '-74.00574']"
Manhattan,"The High Line Hotel, New York",HOTEL,$199 ,4-star,See all 215 Hotels.com reviews,8.8,"1 room, 3 adults","['40.746122', '-74.005301']"
Manhattan,"Bentley Hotel, New York",HOTEL,$129 ,4-star,"See all 1,349 Hotels.com reviews",7.8,"1 room, 3 adults","['40.76055', '-73.95833']"
Manhattan,"MichaelNY, New York",HOTEL,,2-star,,8.8,"1 room, 3 adults","['40.83481', '-73.93961']"
Manhattan,"338 e 61st #10 9085 231 2 Bedrooms 1 Bathroom Apts, New York",HOTEL,,,,Fabulous8.8,"1 room, 3 adults","['40.808782', '-73.944263']"
Manhattan,"104 West 83rd Street #2D 168 Neal 1 Bedroom 1 Bathroom Apts, New York",HOTEL,,,,Fabulous8.8,"1 room, 3 adults","['40.784577', '-73.974227']"
Manhattan,"NY090 0 Bedroom Studio By Senstay, New York",HOTEL,,3.5-star,,Fabulous8.8,"1 room, 3 adults","['40.726254', '-73.986259']"
Manhattan,"The Paul Hotel NYC-Chelsea, an Ascend Hotel Collection Member, New York",HOTEL,$116 ,4-star,See all 608 Hotels.com reviews,7.8,"1 room, 3 adults","['40.746222', '-73.98907']"
Manhattan,"Courtyard New York Manhattan/Times Square West, New York",HOTEL,$111 ,3.5-star,See all 727 Hotels.com reviews,9,"1 room, 3 adults","['40.754352', '-73.992682']"
Manhattan,"Hudson New York, Central Park, New York",HOTEL,$149 ,4-star,"See all 2,381 Hotels.com reviews",6.6,"1 room, 3 adults","['40.768355', '-73.984757']"
Manhattan,"The London NYC, New York",HOTEL,$427 ,4.5-star,See all 638 Hotels.com reviews,8.4,"1 room, 3 adults","['40.763281', '-73.980648']"
Manhattan,"440 w 45th #3e. 170 2 Bedrooms 1 Bathroom Apts, New York",HOTEL,,,,Fabulous8.8,"1 room, 3 adults","['40.760975', '-73.993211']"
Manhattan,"AKA Times Square, New York",HOTEL,$295 ,4-star,See all 86 Hotels.com reviews,9,"1 room, 3 adults","['40.756635', '-73.984299']"
Manhattan,"The Manhattan Club, New York",HOTEL,$159 ,4-star,,8.4,"1 room, 3 adults","['40.765023', '-73.980966']"
Manhattan,"Hotel Elysee by Library Hotel Collection, New York",HOTEL,$212 ,4-star,See all 305 Hotels.com reviews,9.4,"1 room, 3 adults","['40.760061', '-73.973013']"
Manhattan,"Andaz Wall Street - a concept by Hyatt, New York",HOTEL,$199 ,4.5-star,,9,"1 room, 3 adults","['40.705025', '-74.007621']"
Manhattan,"Hyatt House New York/Chelsea, New York",HOTEL,$129 ,3.5-star,See all 299 Hotels.com reviews,8.8,"1 room, 3 adults","['40.746185', '-73.990413']"
Manhattan,"Hyatt Centric Times Square New York, New York",HOTEL,$219 ,4.5-star,"See all 1,718 Hotels.com reviews",9,"1 room, 3 adults","['40.75739', '-73.984171']"
Manhattan,"Hampton Inn Manhattan/Times Square Central, New York",HOTEL,$129 ,3.5-star,"See all 2,213 Hotels.com reviews",9.2,"1 room, 3 adults","['40.755823', '-73.988581']"
Manhattan,"NY079 1 Bedroom Apartment By Senstay, New York",HOTEL,,3.5-star,,Fabulous8.8,"1 room, 3 adults","['40.74949', '-73.99577']"
Manhattan,"Room Mate Grace Boutique Hotel, New York",HOTEL,$161 ,3.5-star,See all 959 Hotels.com reviews,8.8,"1 room, 3 adults","['40.757292', '-73.983926']"
Manhattan,"Four Seasons Hotel New York, New York",HOTEL,"$1,195 ",5-star,See all 59 Hotels.com reviews,9.2,"1 room, 3 adults","['40.761969', '-73.971584']"
Manhattan,"The Nolitan, New York",HOTEL,$190 ,3.5-star,See all 99 Hotels.com reviews,8.6,"1 room, 3 adults","['40.720719', '-73.995258']"
Manhattan,"Midtown East 2BR/2Bath Apartment DR#28, New York",HOTEL,,4-star,,Fabulous8.8,"1 room, 3 adults","['40.757161', '-73.968131']"
Manhattan,"The Sohotel, New York",HOTEL,$123 ,3-star,See all 542 Hotels.com reviews,8.4,"1 room, 3 adults","['40.71956', '-73.99449']"
Manhattan,"Casablanca Hotel by Library Hotel Collection, New York",HOTEL,$242 ,4-star,See all 450 Hotels.com reviews,9.6,"1 room, 3 adults","['40.756303', '-73.985526']"
Manhattan,"The Evelyn Hotel, New York",HOTEL,$143 ,4-star,See all 773 Hotels.com reviews,8.2,"1 room, 3 adults","['40.743809', '-73.987129']"
Manhattan,"Mayfair New York, New York",HOTEL,$123 ,3-star,"See all 1,365 Hotels.com reviews",7,"1 room, 3 adults","['40.761351', '-73.985825']"
Manhattan,"Hotel Henri, New York",HOTEL,$98 ,3.5-star,,Fabulous8.8,"1 room, 3 adults","['40.743285', '-73.991019']"
Manhattan,"The Midtown, New York",HOTEL,,3.5-star,,Fabulous8.8,"1 room, 3 adults","['40.76056', '-73.96579']"
Manhattan,"Excelsior Hotel, New York",HOTEL,$231 ,3.5-star,"See all 1,297 Hotels.com reviews",8.6,"1 room, 3 adults","['40.782949', '-73.973846']"
Manhattan,"335 East #232477 - 2 Br Apts, New York",HOTEL,,3.5-star,,Fabulous8.6,"1 room, 3 adults","['40.782401', '-73.946258']"
Manhattan,"Washington Jefferson Hotel, New York",HOTEL,$137 ,3.5-star,See all 751 Hotels.com reviews,7.4,"1 room, 3 adults","['40.763445', '-73.986874']"
Manhattan,"The Baxter House (Sleeps 6), New York",HOTEL,,2.5-star,,Fabulous8.8,"1 room, 3 adults","['40.717727', '-73.99665']"
Manhattan,"Superior Midtown 2BR Apartments, New York",HOTEL,,2.5-star,,5.2,"1 room, 3 adults","['40.754364', '-73.967279']"
Manhattan,"Econo Lodge Times Square, New York",HOTEL,$110 ,2.5-star,See all 498 Hotels.com reviews,7.4,"1 room, 3 adults","['40.760582', '-73.987887']"
Manhattan,"NH Collection New York Madison Avenue, New York",HOTEL,,3.5-star,See all 471 Hotels.com reviews,6.6,"1 room, 3 adults","['40.750135', '-73.980818']"
Manhattan,"335 East Apartment #232444 2 Bedrooms 1 Bathroom Apts, New York",HOTEL,,3-star,,Fabulous8.8,"1 room, 3 adults","['40.782401', '-73.946258']"
Manhattan,"The Roosevelt Hotel, New York City, New York",HOTEL,$134 ,4-star,"See all 8,923 Hotels.com reviews",6.8,"1 room, 3 adults","['40.754581', '-73.977493']"
Manhattan,"Harlem YMCA, New York",HOTEL,$97 ,2-star,See all 177 Hotels.com reviews,6.8,"1 room, 3 adults","['40.814964', '-73.942843']"
Manhattan,"The Melva Inn - Harlem, New York",HOTEL,,2.5-star,,7,"1 room, 3 adults","['40.804163', '-73.946848']"
Manhattan,"Hotel Pennsylvania, New York",HOTEL,$99 ,2.5-star,"See all 6,818 Hotels.com reviews",4.8,"1 room, 3 adults","['40.749955', '-73.99137']"
Manhattan,"181 Canal Street #2 5 Bedrooms 2 Bathrooms Apts, New York",HOTEL,,,,Fabulous8.8,"1 room, 3 adults","['40.716846', '-73.997126']"
Manhattan,"AKA Wall Street, New York",HOTEL,$225 ,4-star,See all 315 Hotels.com reviews,9.4,"1 room, 3 adults","['40.708011', '-74.00778']"
Manhattan,"Park Central Hotel New York, New York",HOTEL,$95 ,4-star,"See all 4,203 Hotels.com reviews",7.8,"1 room, 3 adults","['40.76452', '-73.98078']"
Manhattan,"Studios in NYC , New York",HOTEL,,3-star,,Fabulous8.8,"1 room, 3 adults","['40.8153', '-73.942055']"
Manhattan,"West Village 2 BR and Private Roof Deck, New York",HOTEL,$450 ,3.5-star,,Fabulous8.8,"1 room, 3 adults","['40.73559', '-74.00516']"
Manhattan,"The Hotel 91, New York",HOTEL,$151 ,3-star,See all 900 Hotels.com reviews,7.6,"1 room, 3 adults","['40.713724', '-73.993646']"
Manhattan,"The NoMad Hotel, New York",HOTEL,$395 ,5-star,See all 369 Hotels.com reviews,9.4,"1 room, 3 adults","['40.745066', '-73.988818']"
Manhattan,"3- 2 BEDROOM APT ON 28 STREET BEST LOCATION, New York",HOTEL,,3-star,,Superb9.2,"1 room, 3 adults","['40.742471', '-73.982607']"
Manhattan,"Fairfield Inn & Suites New York Manhattan / Central Park, New York",HOTEL,$144 ,3-star,,8.8,"1 room, 3 adults","['40.770475', '-73.989683']"
Manhattan,"Wyndham Midtown 45 at New York City, New York",HOTEL,$209 ,3-star,See all 58 Hotels.com reviews,7.4,"1 room, 3 adults","['40.752518', '-73.972577']"
Manhattan,"NY081 3 Bedroom Apartment By Senstay, New York",HOTEL,,3.5-star,,Fabulous8.8,"1 room, 3 adults","['40.73841', '-74.00358']"
Manhattan,"The Ludlow Hotel, New York",HOTEL,$325 ,4.5-star,See all 311 Hotels.com reviews,9.4,"1 room, 3 adults","['40.72185', '-73.987473']"
Manhattan,"86 Pearl Street & Hanover 3 Bedrooms 1 Bathroom Apts, New York",HOTEL,,,,Fabulous8.8,"1 room, 3 adults","['40.704653', '-74.009001']"
Manhattan,"Hotel 309, New York",HOTEL,$100 ,2-star,See all 275 Hotels.com reviews,5.2,"1 room, 3 adults","['40.73984', '-74.00276']"
Manhattan,"Lotte New York Palace, New York",HOTEL,$325 ,4.5-star,"See all 2,142 Hotels.com reviews",9.2,"1 room, 3 adults","['40.758229', '-73.974529']"
Manhattan,"Superior New York Apartments, New York",HOTEL,,2.5-star,,5.4,"1 room, 3 adults","['40.762194', '-73.993611']"
Manhattan,"4- THE BEST LOCATION in NYC 28ST 2 BEDROOM, New York",HOTEL,,3-star,,Fabulous8.8,"1 room, 3 adults","['40.742543', '-73.982563']"
Manhattan,"Down Town Association, New York",HOTEL,$195 ,2.5-star,,Fabulous8.8,"1 room, 3 adults","['40.70674', '-74.008208']"
Manhattan,"Wolcott Hotel, New York",HOTEL,$250 ,2.5-star,See all 375 Hotels.com reviews,8.2,"1 room, 3 adults","['40.746775', '-73.986587']"
Manhattan,"Lincoln Center Holiday Rentals, New York",HOTEL,,3-star,,Fabulous8.8,"1 room, 3 adults","['40.780184', '-73.979371']"
Manhattan,"Broadway Plaza Hotel, New York",HOTEL,$149 ,3.5-star,"See all 1,127 Hotels.com reviews",8.6,"1 room, 3 adults","['40.74441', '-73.98891']"
Manhattan,"CITY ROOMS NYC - Chelsea, New York",HOTEL,$134 ,2-star,See all 166 Hotels.com reviews,7.4,"1 room, 3 adults","['40.748651', '-73.99604']"
Manhattan,"Equinox Hotel, New York",HOTEL,,,,Fabulous8.8,"1 room, 3 adults","['40.75509', '-74.002993']"
Manhattan,"Empire Hotel, New York",HOTEL,$175 ,4-star,"See all 2,364 Hotels.com reviews",7.4,"1 room, 3 adults","['40.771583', '-73.982599']"
Manhattan,"Hotel 31, New York",HOTEL,$106 ,2-star,"See all 1,079 Hotels.com reviews",8,"1 room, 3 adults","['40.74473', '-73.98165']"
Manhattan,"Arthouse Hotel New York City, New York",HOTEL,$135 ,4-star,"See all 1,862 Hotels.com reviews",8.6,"1 room, 3 adults","['40.782246', '-73.980251']"
Manhattan,"Merrion Row Hotel and Public House, New York",HOTEL,$215 ,4-star,,9.2,"1 room, 3 adults","['40.75726', '-73.98353']"
Manhattan,"Marriott Vacation Club Pulse, New York City, New York",HOTEL,$134 ,4-star,See all 236 Hotels.com reviews,8.4,"1 room, 3 adults","['40.751112', '-73.985']"
Manhattan,"2-THE VERY BEST LOCATION ON 28 St AND LEX, New York",HOTEL,,3-star,,Fabulous8.8,"1 room, 3 adults","['40.742457', '-73.982615']"
Manhattan,"The Gotham Hotel, New York",HOTEL,$159 ,4.5-star,See all 921 Hotels.com reviews,8,"1 room, 3 adults","['40.75566', '-73.97814']"
Manhattan,"NY015 3 Bedroom Apartment By Senstay, New York",HOTEL,,3.5-star,,No guest ratings yet,"1 room, 3 adults","['40.73318', '-74.00483']"
Manhattan,"Embassy Suites by Hilton New York Midtown Manhattan, New York",HOTEL,$107 ,3.5-star,See all 469 Hotels.com reviews,8.8,"1 room, 3 adults","['40.75133', '-73.98583']"
Manhattan,"Omni Berkshire Place, New York",HOTEL,$197 ,4.5-star,"See all 1,322 Hotels.com reviews",8.8,"1 room, 3 adults","['40.759269', '-73.975015']"
Manhattan,"Canal Loft Hotel, New York",HOTEL,$99 ,2.5-star,,7.4,"1 room, 3 adults","['40.71528', '-73.99377']"
Manhattan,"Travel Inn Hotel, New York",HOTEL,$160 ,2.5-star,"See all 1,123 Hotels.com reviews",7.8,"1 room, 3 adults","['40.75993', '-73.99612']"
Manhattan,"NobleDEN Hotel, New York",HOTEL,$194 ,4-star,See all 885 Hotels.com reviews,9.4,"1 room, 3 adults","['40.719155', '-73.996884']"
Manhattan,"East Village Hotel, New York",HOTEL,$188 ,3-star,See all 191 Hotels.com reviews,8.2,"1 room, 3 adults","['40.728272', '-73.985079']"
Manhattan,"The Westin New York at Times Square, New York",HOTEL,$175 ,4.5-star,"See all 2,108 Hotels.com reviews",8.4,"1 room, 3 adults","['40.757788', '-73.989024']"
Manhattan,"Hotel Five44, New York",HOTEL,,3-star,See all 210 Hotels.com reviews,6.6,"1 room, 3 adults","['40.764169', '-73.994457']"
Manhattan,"Midtown East 1BR/1BA Oasis, New York",HOTEL,,4-star,,Fabulous8.8,"1 room, 3 adults","['40.74407', '-73.98106']"
Manhattan,"Fairfield Inn & Suites New York Manhattan/Times Square South, New York",HOTEL,$129 ,2.5-star,,Fabulous8.8,"1 room, 3 adults","['40.75402', '-73.99402']"
Manhattan,"The Knickerbocker Hotel, New York",HOTEL,$236 ,5-star,"See all 1,227 Hotels.com reviews",9,"1 room, 3 adults","['40.755751', '-73.986261']"
Manhattan,"Mandarin Oriental, New York, New York",HOTEL,$895 ,5-star,See all 106 Hotels.com reviews,9.2,"1 room, 3 adults","['40.769193', '-73.982828']"
Manhattan,"Club Quarters Hotel, World Trade Center, New York",HOTEL,$143 ,4-star,See all 928 Hotels.com reviews,8.8,"1 room, 3 adults","['40.709469', '-74.013942']"
Manhattan,"Hotel 17, New York",HOTEL,,2-star,See all 347 Hotels.com reviews,7.8,"1 room, 3 adults","['40.734731', '-73.984674']"
Manhattan,"Charming Midtown East Suites by Sonder, New York",HOTEL,,4-star,,Fabulous8.8,"1 room, 3 adults","['40.748129', '-73.974968']"
Manhattan,"Dream Downtown, New York",HOTEL,$150 ,4.5-star,See all 769 Hotels.com reviews,7.6,"1 room, 3 adults","['40.741953', '-74.003689']"
Manhattan,"The Plaza Hotel, New York",HOTEL,$797 ,5-star,,8.8,"1 room, 3 adults","['40.764238', '-73.973881']"
Manhattan,"AKA Tribeca, New York",HOTEL,$224 ,4-star,See all 241 Hotels.com reviews,9,"1 room, 3 adults","['40.71525', '-74.00943']"
Manhattan,"EVEN Hotel Times Square South, New York",HOTEL,$109 ,4-star,,9.4,"1 room, 3 adults","['40.753294', '-73.994036']"
Manhattan,"Midtown Convention Center Hotel, New York",HOTEL,$184 ,3-star,See all 346 Hotels.com reviews,6,"1 room, 3 adults","['40.757614', '-73.998516']"
Manhattan,"East 81 Street Studio #232465 - Studio Apts, New York",HOTEL,,3-star,,Fabulous8.8,"1 room, 3 adults","['40.773923', '-73.952388']"
Manhattan,"Hilton Garden Inn NYC Financial Center/Manhattan Downtown, New York",HOTEL,$107 ,3-star,,9,"1 room, 3 adults","['40.70296', '-74.01226']"
Manhattan,"The James New York- SoHo, New York",HOTEL,$253 ,4.5-star,See all 310 Hotels.com reviews,8.2,"1 room, 3 adults","['40.722835', '-74.004712']"
Manhattan,"6 Columbus Central Park a Sixty Hotel, New York",HOTEL,$190 ,4.5-star,See all 240 Hotels.com reviews,7.6,"1 room, 3 adults","['40.767795', '-73.983016']"
Manhattan,"Millennium Times Square New York, New York",HOTEL,$180 ,4-star,"See all 3,365 Hotels.com reviews",7.6,"1 room, 3 adults","['40.756889', '-73.984902']"
Manhattan,"U Hotel Fifth Avenue, New York",HOTEL,$109 ,3-star,See all 352 Hotels.com reviews,8,"1 room, 3 adults","['40.74918', '-73.98403']"
Manhattan,"224 East 59th #3rw 2 Bedrooms 2 Bathrooms Apts, New York",HOTEL,,,,Fabulous8.8,"1 room, 3 adults","['40.760968', '-73.965489']"
Manhattan,"346 East 65th Street #4A 2 Bedrooms 1 Bathroom Apts, New York",HOTEL,,,,Fabulous8.8,"1 room, 3 adults","['40.763468', '-73.960016']"
Manhattan,"New World Hotel, New York",HOTEL,$71 ,1.5-star,See all 574 Hotels.com reviews,3.6,"1 room, 3 adults","['40.717586', '-73.995256']"
Manhattan,"Market Rentals NYC, New York",HOTEL,,4-star,,Fabulous8.8,"1 room, 3 adults","['40.765782', '-73.982706']"
Manhattan,"Aloft Manhattan Downtown - Financial District, New York",HOTEL,$109 ,3-star,See all 300 Hotels.com reviews,8.8,"1 room, 3 adults","['40.710315', '-74.006783']"
Manhattan,"Salisbury Hotel, New York",HOTEL,$88 ,3-star,"See all 5,038 Hotels.com reviews",7.4,"1 room, 3 adults","['40.764841', '-73.978404']"
Manhattan,"Mondrian Park Avenue, New York",HOTEL,$225 ,4.5-star,,8.8,"1 room, 3 adults","['40.74482', '-73.98329']"
Manhattan,"Beekman Tower Studio Suite 0 Bedroom 1 Bathroom Apts, New York",HOTEL,,,,Fabulous8.8,"1 room, 3 adults","['40.753401', '-73.966174']"
Manhattan,"The Bowery House, New York",HOTEL,$109 ,2-star,See all 259 Hotels.com reviews,6.2,"1 room, 3 adults","['40.72194', '-73.9934']"
Manhattan,"Flatiron Hotel, New York",HOTEL,$149 ,4-star,See all 372 Hotels.com reviews,6.6,"1 room, 3 adults","['40.743933', '-73.989383']"
Manhattan,"Days Hotel by Wyndham on Broadway NYC, New York",HOTEL,$97 ,2.5-star,"See all 1,641 Hotels.com reviews",5.8,"1 room, 3 adults","['40.793184', '-73.972293']"
Manhattan,"Carvi Hotel New York, New York",HOTEL,$119 ,3-star,See all 214 Hotels.com reviews,8.4,"1 room, 3 adults","['40.75917', '-73.96926']"
Manhattan,"The James New York - NoMad, New York",HOTEL,$199 ,4.5-star,,8.4,"1 room, 3 adults","['40.74464', '-73.98551']"
Manhattan,"Hotel Boutique at Grand Central, New York",HOTEL,$137 ,4-star,"See all 1,009 Hotels.com reviews",8.8,"1 room, 3 adults","['40.753288', '-73.974427']"
Manhattan,"346 East 65th St 4B 1 Bedroom 1 Bathroom Apts, New York",HOTEL,,,,Fabulous8.8,"1 room, 3 adults","['40.763468', '-73.960016']"
Manhattan,"Washington Heights Apartments, New York",HOTEL,,3-star,,6.2,"1 room, 3 adults","['40.83768', '-73.93891']"
Manhattan,"The Wall Street Inn, New York",HOTEL,$134 ,3-star,See all 418 Hotels.com reviews,8.8,"1 room, 3 adults","['40.704656', '-74.010462']"
Manhattan,"San Carlos Hotel, New York",HOTEL,$184 ,4.5-star,See all 639 Hotels.com reviews,9,"1 room, 3 adults","['40.756067', '-73.971343']"
Manhattan,"Springhill Suites New York Manhattan/Times Square South, New York",HOTEL,$116 ,3.5-star,,Fabulous8.8,"1 room, 3 adults","['40.75402', '-73.99402']"
Manhattan,"8-2 BEDROOM APT ON 12 STREET & 3 AVE, New York",HOTEL,,3-star,,Fabulous8.8,"1 room, 3 adults","['40.731253', '-73.986545']"
Manhattan,"MySuites - Gramercy Suites, New York",HOTEL,,4-star,,Fabulous8.8,"1 room, 3 adults","['40.736001', '-73.982172']"
Manhattan,"HGU New York, New York",HOTEL,$159 ,4-star,,8.6,"1 room, 3 adults","['40.74619', '-73.983191']"
Manhattan,"Courtyard by Marriott New York City Manhattan Midtown East, New York",HOTEL,$99 ,3.5-star,"See all 1,826 Hotels.com reviews",8.8,"1 room, 3 adults","['40.75748', '-73.96959']"
Manhattan,"PUBLIC, an Ian Schrager hotel, New York",HOTEL,$245 ,4-star,,8.6,"1 room, 3 adults","['40.72282', '-73.99177']"
Manhattan,"The Meatpacking Suites, New York",HOTEL,,4-star,,Superb9.0,"1 room, 3 adults","['40.739751', '-74.002526']"
Manhattan,"Four Points by Sheraton Manhattan SoHo Village, New York",HOTEL,$109 ,3.5-star,See all 349 Hotels.com reviews,8.2,"1 room, 3 adults","['40.72718', '-74.00601']"
Manhattan,"Fairfield Inn & Suites by Marriott/World Trade Center Area, New York",HOTEL,$105 ,3-star,,8.8,"1 room, 3 adults","['40.70828', '-74.0136']"
Manhattan,"onefinestay - Noho private homes, New York",HOTEL,,3.5-star,,Fabulous8.8,"1 room, 3 adults","['40.7287', '-73.9926']"
Manhattan,"NYC Townhouse & Private Roof Deck, New York",HOTEL,$600 ,4-star,,Fabulous8.8,"1 room, 3 adults","['40.76919', '-73.95553']"
Manhattan,"Hotel Stanford, New York",HOTEL,,3-star,,Good7.4,"1 room, 3 adults","['40.748222', '-73.987477']"
Manhattan,"onefinestay - West Village private homes, New York",HOTEL,,3.5-star,,Fabulous8.8,"1 room, 3 adults","['40.7358', '-74.0036']"
Manhattan,"Off Soho Suites Hotel, New York",HOTEL,$179 ,2-star,See all 375 Hotels.com reviews,7.4,"1 room, 3 adults","['40.721325', '-73.992657']"
Manhattan,"onefinestay - Gramercy private homes, New York",HOTEL,,3.5-star,,Fabulous8.8,"1 room, 3 adults","['40.7128', '-74.0059']"
Manhattan,"onefinestay - Lower East Side Private Homes, New York",HOTEL,,3.5-star,,Fabulous8.8,"1 room, 3 adults","['40.789977', '-73.948836']"
Manhattan,"World Center Hotel, New York",HOTEL,$149 ,4-star,"See all 1,313 Hotels.com reviews",8.6,"1 room, 3 adults","['40.709469', '-74.013942']"
Manhattan,"onefinestay - Tribeca private homes, New York",HOTEL,,3.5-star,,Fabulous8.8,"1 room, 3 adults","['40.7163', '-74.0086']"
Manhattan,"LUMA Hotel Times Square, New York",HOTEL,$225 ,4-star,,9.4,"1 room, 3 adults","['40.75442', '-73.98577']"
Manhattan,"onefinestay - East Village private homes, New York",HOTEL,,3.5-star,,Fabulous8.8,"1 room, 3 adults","['40.7265', '-73.9815']"
Manhattan,"onefinestay-Upper West Side priv. homes, New York",HOTEL,,4-star,,Fabulous8.8,"1 room, 3 adults","['40.789977', '-73.948836']"
Manhattan,"Fitzpatrick Grand Central, New York",HOTEL,$158 ,4-star,See all 832 Hotels.com reviews,8.8,"1 room, 3 adults","['40.75248', '-73.97446']"
Manhattan,"onefinestay - Murray Hill private homes, New York",HOTEL,,3.5-star,,Fabulous8.8,"1 room, 3 adults","['40.7479', '-73.9757']"
Manhattan,"NY005 0 Bedroom Studio By Senstay, New York",HOTEL,,3-star,,Fabulous8.8,"1 room, 3 adults","['40.74769', '-74.00086']"
Manhattan,"Manhattan, New York",HOTEL,,3-star,,3.8,"1 room, 3 adults","['40.86641', '-73.9244']"
Manhattan,"NY061 2 Bedroom Apartment By Senstay, New York",HOTEL,,3.5-star,,Fabulous8.8,"1 room, 3 adults","['40.72584', '-74.00213']"
Manhattan,"NY071 2 Bedroom Apartment By Senstay, New York",HOTEL,,3.5-star,,Fabulous8.8,"1 room, 3 adults","['40.74949', '-73.99577']"
Manhattan,"Beautiful Studio Near Central Park, New York",HOTEL,,3-star,,Fabulous8.8,"1 room, 3 adults","['40.768244', '-73.959215']"
Manhattan,"Beautiful 1 Bedroom Apartment, New York",HOTEL,,3.5-star,,7.4,"1 room, 3 adults","['40.799736', '-73.962425']"
Manhattan,"The Jewel facing Rockefeller Center, New York",HOTEL,$161 ,4-star,"See all 2,029 Hotels.com reviews",8.8,"1 room, 3 adults","['40.75958', '-73.977802']"
Manhattan,"Cozy Studio, New York",HOTEL,,3.5-star,,Fabulous8.8,"1 room, 3 adults","['40.754996', '-73.968854']"
Manhattan,"Redford Hotel, New York",HOTEL,$119 ,2.5-star,,7,"1 room, 3 adults","['40.7203', '-73.98797']"
Manhattan,"Classy and Cozy, New York",HOTEL,,3.5-star,,Fabulous8.8,"1 room, 3 adults","['40.799157', '-73.966694']"
Manhattan,"citizenM New York Times Square, New York",HOTEL,$174 ,4-star,"See all 1,145 Hotels.com reviews",9.4,"1 room, 3 adults","['40.761717', '-73.98481']"
Manhattan,"Avalon Hotel, New York",HOTEL,$135 ,4-star,See all 700 Hotels.com reviews,8.4,"1 room, 3 adults","['40.74673', '-73.98448']"
Manhattan,"Hilton Garden Inn New York/Manhattan-Midtown East, New York",HOTEL,$119 ,3.5-star,See all 736 Hotels.com reviews,8.6,"1 room, 3 adults","['40.756839', '-73.969297']"
Manhattan,"Viceroy Central Park New York, New York",HOTEL,$209 ,4-star,See all 687 Hotels.com reviews,7.8,"1 room, 3 adults","['40.764793', '-73.978305']"
Manhattan,"The Pearl New York, New York",HOTEL,$152 ,4-star,"See all 1,196 Hotels.com reviews",9.2,"1 room, 3 adults","['40.761267', '-73.98565']"
Manhattan,"TRYP By Wyndham Times Square South, New York",HOTEL,$124 ,4.5-star,"See all 1,235 Hotels.com reviews",8.2,"1 room, 3 adults","['40.753587', '-73.994731']"
Manhattan,"Crowne Plaza HY36 Midtown Manhattan, New York",HOTEL,$126 ,4-star,,9,"1 room, 3 adults","['40.75374', '-73.99374']"
Manhattan,"The Mansfield Hotel, New York",HOTEL,$98 ,3.5-star,See all 825 Hotels.com reviews,7,"1 room, 3 adults","['40.755184', '-73.980996']"
Manhattan,"Dream Midtown, New York",HOTEL,$150 ,4-star,See all 957 Hotels.com reviews,8.2,"1 room, 3 adults","['40.764583', '-73.981828']"
Manhattan,"Trump International Hotel & Tower New York, New York",HOTEL,$524 ,5-star,See all 539 Hotels.com reviews,9.2,"1 room, 3 adults","['40.769045', '-73.981248']"
Manhattan,"Life Hotel NoMad, New York",HOTEL,$125 ,4-star,See all 433 Hotels.com reviews,8,"1 room, 3 adults","['40.747044', '-73.987129']"
Manhattan,"The Westin New York Grand Central, New York",HOTEL,$125 ,4.5-star,"See all 1,389 Hotels.com reviews",8.4,"1 room, 3 adults","['40.750407', '-73.973775']"
Manhattan,"Hyatt Place New York Midtown South, New York",HOTEL,$129 ,3.5-star,See all 885 Hotels.com reviews,8.8,"1 room, 3 adults","['40.750584', '-73.985666']"
Manhattan,"Upper West Side Manhattan Apartment, New York",HOTEL,,3-star,,Fabulous8.8,"1 room, 3 adults","['40.80013', '-73.95536']"
Manhattan,"Q&A Residential Hotel, New York",HOTEL,$224 ,4-star,See all 669 Hotels.com reviews,9.4,"1 room, 3 adults","['40.706287', '-74.007859']"
Manhattan,"Hampton Inn Manhattan/Times Square South, New York",HOTEL,$104 ,3-star,,8.2,"1 room, 3 adults","['40.756107', '-73.992997']"
Manhattan,"Kimpton Hotel Eventi, New York",HOTEL,$189 ,5-star,"See all 1,064 Hotels.com reviews",9,"1 room, 3 adults","['40.74719', '-73.9897']"
Manhattan,"Best Western Bowery Hanbee Hotel, New York",HOTEL,$104 ,3-star,See all 758 Hotels.com reviews,8.4,"1 room, 3 adults","['40.718604', '-73.995259']"
Manhattan,"Holiday Inn Express - New York City Chelsea, New York",HOTEL,$114 ,3-star,See all 951 Hotels.com reviews,8.2,"1 room, 3 adults","['40.748526', '-73.994504']"
Manhattan,"Market Rental NYC Midtown West, New York",HOTEL,,3.5-star,,Fabulous8.8,"1 room, 3 adults","['40.76573', '-73.9826']"
Manhattan,"Park Hyatt New York, New York",HOTEL,$895 ,5-star,See all 83 Hotels.com reviews,8.8,"1 room, 3 adults","['40.765153', '-73.979124']"
Manhattan,"Blue Moon Boutique Hotel, New York",HOTEL,$249 ,3-star,See all 335 Hotels.com reviews,6.8,"1 room, 3 adults","['40.7186', '-73.99001']"
Manhattan,"Cachet Boutique New York, New York",HOTEL,$170 ,4-star,See all 579 Hotels.com reviews,7.8,"1 room, 3 adults","['40.760007', '-73.996383']"
Manhattan,"Market Rentals Downtown Apartments, New York",HOTEL,,3.5-star,,Fabulous8.8,"1 room, 3 adults","['40.824048', '-73.944764']"
Manhattan,"AKA Central Park, New York",HOTEL,$575 ,4-star,See all 216 Hotels.com reviews,8.8,"1 room, 3 adults","['40.764511', '-73.975546']"
Manhattan,"Renaissance New York Times Square Hotel, New York",HOTEL,$178 ,4-star,See all 477 Hotels.com reviews,8.8,"1 room, 3 adults","['40.75968', '-73.9843']"
Manhattan,"Fairfield Inn & Suites by Marriott New York ManhattanChelsea, New York",HOTEL,$104 ,3-star,See all 303 Hotels.com reviews,8.6,"1 room, 3 adults","['40.746377', '-73.991344']"
Manhattan,"Renaissance New York Midtown Hotel, New York",HOTEL,$237 ,4-star,See all 519 Hotels.com reviews,9.2,"1 room, 3 adults","['40.75197', '-73.990898']"
Manhattan,"HI New York City, New York",HOTEL,,2-star,,8.4,"1 room, 3 adults","['40.798712', '-73.96696']"
Manhattan,"Aliz Hotel Times Square, New York",HOTEL,$116 ,4-star,,8.6,"1 room, 3 adults","['40.75614', '-73.99173']"
Manhattan,"Leon Hotel, New York",HOTEL,$120 ,3.5-star,See all 256 Hotels.com reviews,8.6,"1 room, 3 adults","['40.715912', '-73.995339']"
Manhattan,"West 57th Street by Hilton Club, New York",HOTEL,$542 ,4-star,See all 16 Hotels.com reviews,9.2,"1 room, 3 adults","['40.764528', '-73.977775']"
Manhattan,"The Assemblage John Street, New York",HOTEL,$269 ,4-star,,9.4,"1 room, 3 adults","['40.709866', '-74.008844']"
Manhattan,"Hotel Americano, New York",HOTEL,$209 ,4.5-star,See all 127 Hotels.com reviews,7.8,"1 room, 3 adults","['40.750616', '-74.003311']"
Manhattan,"CITY ROOMS NYC - Times Square, New York",HOTEL,,2.5-star,,8.2,"1 room, 3 adults","['40.76037', '-73.9879']"
Manhattan,"2 rooms apartment, New York",HOTEL,,,,Fabulous8.8,"1 room, 3 adults","['40.70942', '-74.006505']"
Manhattan,"Hotel 50 Bowery NYC, New York",HOTEL,$189 ,4.5-star,See all 865 Hotels.com reviews,9.2,"1 room, 3 adults","['40.715841', '-73.996409']"
Manhattan,"Distrikt Hotel New York City, Tapestry Collection by Hilton, New York",HOTEL,$109 ,4-star,,8.4,"1 room, 3 adults","['40.75661', '-73.99285']"
Manhattan,"8f- 2 Bedroom Apt on 12 street Best Location, New York",HOTEL,,3-star,,Fabulous8.8,"1 room, 3 adults","['40.731265', '-73.986539']"
Manhattan,"10 East 117th Street #1 3 Bedrooms 1 Bathroom Apts, New York",HOTEL,,,,Fabulous8.8,"1 room, 3 adults","['40.80136', '-73.944668']"
Manhattan,"Gild Hall, A Thompson Hotel, New York",HOTEL,$189 ,4.5-star,See all 581 Hotels.com reviews,9.2,"1 room, 3 adults","['40.707946', '-74.007114']"
Manhattan,"The Allen House (sleeps 5), New York",HOTEL,,4-star,,Fabulous8.8,"1 room, 3 adults","['40.718929', '-73.990701']"
Manhattan,"Upper West Side Manhattan, New York",HOTEL,,3.5-star,,2,"1 room, 3 adults","['40.828744', '-73.94133']"
Manhattan,"Hotel Beacon, New York",HOTEL,$321 ,4-star,"See all 1,132 Hotels.com reviews",9,"1 room, 3 adults","['40.780752', '-73.9813']"
Manhattan,"536 9th Avenue #3fn. 182 2 Bedrooms 1 Bathroom Apts, New York",HOTEL,,,,Fabulous8.8,"1 room, 3 adults","['40.756806', '-73.993435']"
Manhattan,"St Marks Hotel, New York",HOTEL,$136 ,3-star,See all 354 Hotels.com reviews,6.2,"1 room, 3 adults","['40.729411', '-73.989667']"
Manhattan,"The Kitano Hotel New York, New York",HOTEL,$274 ,4.5-star,See all 833 Hotels.com reviews,9,"1 room, 3 adults","['40.74962', '-73.97962']"
Manhattan,"CITY ROOMS NYC - Soho, New York",HOTEL,$99 ,2.5-star,See all 231 Hotels.com reviews,8.6,"1 room, 3 adults","['40.71847', '-74.00052']"
Manhattan,"SIXTY Lower East Side, New York",HOTEL,$190 ,4.5-star,See all 376 Hotels.com reviews,8,"1 room, 3 adults","['40.722149', '-73.988817']"
Manhattan,"The Lexington Hotel, Autograph Collection, New York",HOTEL,$140 ,4-star,"See all 1,891 Hotels.com reviews",8.4,"1 room, 3 adults","['40.75508', '-73.97338']"
Manhattan,"The Hilton Club - New York, New York",HOTEL,$429 ,4-star,See all 43 Hotels.com reviews,8.6,"1 room, 3 adults","['40.762104', '-73.978826']"
Manhattan,"Chelsea Art Suites, New York",HOTEL,,3-star,,6.6,"1 room, 3 adults","['40.73948', '-74.00116']"
Manhattan,"Holiday Inn NYC - Lower East Side, New York",HOTEL,$96 ,4-star,See all 331 Hotels.com reviews,8.6,"1 room, 3 adults","['40.718049', '-73.986432']"
Manhattan,"The Kimpton Muse Hotel, New York",HOTEL,$179 ,4.5-star,See all 726 Hotels.com reviews,9.2,"1 room, 3 adults","['40.757976', '-73.983623']"
Manhattan,"Upper Yorkville Apartments, New York",HOTEL,,3-star,See all 25 Hotels.com reviews,8.4,"1 room, 3 adults","['40.790003', '-73.94584']"
Manhattan,"Hotel Cliff, New York",HOTEL,,2.5-star,,Fabulous8.8,"1 room, 3 adults","['40.848409', '-73.931392']"
Manhattan,"1021 Lexington Ave 214 2 Bedrooms 1 Bathroom Apts, New York",HOTEL,,,,Fabulous8.8,"1 room, 3 adults","['40.771124', '-73.962018']"
Manhattan,"Chelsea Savoy Hotel, New York",HOTEL,$235 ,2-star,"See all 1,365 Hotels.com reviews",8.2,"1 room, 3 adults","['40.744215', '-73.995962']"
Manhattan,"Hotel Mela Times Square, New York",HOTEL,$99 ,4-star,"See all 2,037 Hotels.com reviews",7.8,"1 room, 3 adults","['40.756562', '-73.984188']"
Manhattan,"The Shoreham Hotel, New York",HOTEL,$143 ,4-star,See all 754 Hotels.com reviews,7.4,"1 room, 3 adults","['40.762342', '-73.976519']"
Manhattan,"New York Marriott Marquis, New York",HOTEL,$220 ,4.5-star,"See all 3,182 Hotels.com reviews",8.8,"1 room, 3 adults","['40.758234', '-73.985457']"
Manhattan,"Millennium Premier New York Times Square, New York",HOTEL,$185 ,4-star,"See all 1,260 Hotels.com reviews",8.4,"1 room, 3 adults","['40.756709', '-73.984477']"
Manhattan,"AC Hotel by Marriott New York Times Square, New York",HOTEL,$139 ,3.5-star,,9.2,"1 room, 3 adults","['40.75557', '-73.98986']"
Manhattan,"Park Terrace Hotel on Bryant Park, New York",HOTEL,$233 ,4-star,,9.4,"1 room, 3 adults","['40.752666', '-73.982922']"
Manhattan,"W New York - Times Square, New York",HOTEL,$219 ,4.5-star,See all 848 Hotels.com reviews,8.2,"1 room, 3 adults","['40.75936', '-73.98512']"
Manhattan,"East 94 #232470 - studio Br Apts, New York",HOTEL,,3-star,,Fabulous8.8,"1 room, 3 adults","['40.784569', '-73.951884']"
Manhattan,"Sheraton Tribeca New York Hotel, New York",HOTEL,$107 ,4-star,See all 897 Hotels.com reviews,8,"1 room, 3 adults","['40.721021', '-74.004179']"
Manhattan,"Wingate by Wyndham New York Midtown South/5th Ave, New York",HOTEL,,2.5-star,,Fabulous8.8,"1 room, 3 adults","['40.7509', '-73.9841']"
Manhattan,"RIFF Chelsea, New York",HOTEL,,2-star,See all 332 Hotels.com reviews,5.4,"1 room, 3 adults","['40.749804', '-73.995658']"
Manhattan,"Executive Class at MTS Hotel, New York",HOTEL,$230 ,4-star,,7.4,"1 room, 3 adults","['40.76194', '-73.982659']"
Manhattan,"Row NYC, New York",HOTEL,$89 ,4-star,"See all 5,653 Hotels.com reviews",6.8,"1 room, 3 adults","['40.75905', '-73.98844']"
Manhattan,"East Village Lovely & New Apartment 1BR, New York",HOTEL,,3-star,,Fabulous8.8,"1 room, 3 adults","['40.72458', '-73.98325']"
Manhattan,"Garden Oasis in West Village 2BR, New York",HOTEL,,3-star,,Fabulous8.8,"1 room, 3 adults","['40.74045', '-74.00068']"
Manhattan,"Perfect Retreat in East Village 2BR, New York",HOTEL,,3-star,,Fabulous8.8,"1 room, 3 adults","['40.73', '-73.982']"
Manhattan,"East Village Bungalow 3BR, New York",HOTEL,,3-star,,Fabulous8.8,"1 room, 3 adults","['40.73', '-73.982']"
Manhattan,"Prime Location Large 3BR Apartment, New York",HOTEL,,3-star,,Fabulous8.8,"1 room, 3 adults","['40.72419', '-73.98907']"
Manhattan,"Hotel Plaza Athenee, New York",HOTEL,$539 ,5-star,See all 544 Hotels.com reviews,8.8,"1 room, 3 adults","['40.766424', '-73.968437']"
Manhattan,"Chelsea Inn, New York",HOTEL,$85 ,3-star,See all 543 Hotels.com reviews,7.4,"1 room, 3 adults","['40.738839', '-73.994443']"
Manhattan,"31st Street & Park Avenue Best Location, New York",HOTEL,,3.5-star,,Fabulous8.8,"1 room, 3 adults","['40.745181', '-73.982733']"
Manhattan,"Comfort Inn Times Square West, New York",HOTEL,$123 ,2.5-star,See all 823 Hotels.com reviews,7.8,"1 room, 3 adults","['40.759379', '-73.990832']"
Manhattan,"The Bernic Hotel New York City, Tapestry Collection by Hilton, New York",HOTEL,$116 ,4-star,See all 475 Hotels.com reviews,9,"1 room, 3 adults","['40.754242', '-73.972802']"
Manhattan,"Residence Inn by Marriott New York Manhattan/Times Square, New York",HOTEL,$169 ,3.5-star,See all 700 Hotels.com reviews,8.6,"1 room, 3 adults","['40.75273', '-73.98566']"
Manhattan,"East 81 Apartment #232473 2 Bedrooms 1 Bathroom Apts, New York",HOTEL,,3-star,,Fabulous8.8,"1 room, 3 adults","['40.774658', '-73.954099']"
Manhattan,"Studios in New York, New York",HOTEL,$89 ,3-star,,7,"1 room, 3 adults","['40.74715', '-73.98792']"
Manhattan,"Direct Loft at 33 West 71st Street, New York",HOTEL,,2.5-star,,Fabulous8.8,"1 room, 3 adults","['40.77611', '-73.977783']"
Manhattan,"RIFF Downtown, New York",HOTEL,,3-star,See all 308 Hotels.com reviews,7,"1 room, 3 adults","['40.708338', '-74.01343']"
Manhattan,"Morningside Inn, New York",HOTEL,,2-star,See all 457 Hotels.com reviews,5,"1 room, 3 adults","['40.801768', '-73.966717']"
Manhattan,"Archer Hotel New York, New York",HOTEL,$199 ,4.5-star,"See all 1,256 Hotels.com reviews",9.4,"1 room, 3 adults","['40.751857', '-73.984879']"
Manhattan,"329 East Apartment #232459 2 Bedrooms 1 Bathroom Apts, New York",HOTEL,,3-star,,Fabulous8.8,"1 room, 3 adults","['40.782498', '-73.946405']"
Manhattan,"The Quin Central Park by Hilton Club, New York",HOTEL,$377 ,5-star,See all 448 Hotels.com reviews,8.8,"1 room, 3 adults","['40.764263', '-73.977069']"
Manhattan,"DoubleTree by Hilton Hotel New York - Times Square South, New York",HOTEL,$98 ,4-star,,7.2,"1 room, 3 adults","['40.754217', '-73.994295']"
Manhattan,"Serene Homes E25, New York",HOTEL,,3-star,,Fabulous8.8,"1 room, 3 adults","['40.740863', '-73.983743']"
Manhattan,"Lord & Moris - Times Square Hotel, New York",HOTEL,,3-star,,7.4,"1 room, 3 adults","['40.75569', '-73.99159']"
Manhattan,"Midtown East 35th Street Best Location, New York",HOTEL,,3.5-star,,Superb9.0,"1 room, 3 adults","['40.745495', '-73.975365']"
Manhattan,"Sheraton New York Times Square Hotel, New York",HOTEL,$169 ,4-star,"See all 2,553 Hotels.com reviews",7.8,"1 room, 3 adults","['40.76264', '-73.98213']"
Manhattan,"Macy Empire Apartments, New York",HOTEL,$210 ,3.5-star,See all 59 Hotels.com reviews,6,"1 room, 3 adults","['40.747044', '-73.987159']"
Manhattan,"The Bowery Hotel, New York",HOTEL,$535 ,4-star,,9.2,"1 room, 3 adults","['40.72611', '-73.99191']"
Manhattan,"Colonial House Inn, New York",HOTEL,$177 ,3-star,See all 72 Hotels.com reviews,7.6,"1 room, 3 adults","['40.745034', '-73.999937']"
Manhattan,"NY011 2 Bedroom Apartment By Senstay, New York",HOTEL,,2-star,,Fabulous8.8,"1 room, 3 adults","['40.7609', '-73.98893']"
Manhattan,"East 81 Studio #232476 Studio Bedroom 1 Bathroom Apts, New York",HOTEL,,3-star,,No guest ratings yet,"1 room, 3 adults","['40.774658', '-73.954099']"
Manhattan,"255West Guesthouse, New York",HOTEL,$195 ,3.5-star,See all 74 Hotels.com reviews,9,"1 room, 3 adults","['40.8141', '-73.946807']"
Manhattan,"2 BEDROOM on Union Square Best Location, New York",HOTEL,,3.5-star,,Fabulous8.8,"1 room, 3 adults","['40.731298', '-73.986541']"
Manhattan,"Hilton Garden Inn New York/Central Park South-Midtown West, New York",HOTEL,$109 ,3.5-star,"See all 1,385 Hotels.com reviews",8.6,"1 room, 3 adults","['40.764324', '-73.98316']"
Manhattan,"Times Square Grande Duplex, New York",HOTEL,,3-star,,Fabulous8.8,"1 room, 3 adults","['40.767644', '-73.989649']"
Manhattan,"Novotel New York Times Square, New York",HOTEL,$209 ,4-star,,8.8,"1 room, 3 adults","['40.762884', '-73.983627']"
Manhattan,"Superior 1BR Midtown Apartments, New York",HOTEL,,2.5-star,,Fabulous8.8,"1 room, 3 adults","['40.758027', '-73.981814']"
Manhattan,"Four Points by Sheraton Manhattan - Chelsea, New York",HOTEL,$99 ,3-star,See all 521 Hotels.com reviews,8.4,"1 room, 3 adults","['40.745099', '-73.994116']"
Manhattan,"The Gallivant Times Square , New York",HOTEL,$109 ,3.5-star,"See all 1,382 Hotels.com reviews",7.4,"1 room, 3 adults","['40.760691', '-73.98622']"
Manhattan,"405 East 61st Street #5C 149 3 Bedrooms 1 Bathroom Apts, New York",HOTEL,,,,Fabulous8.8,"1 room, 3 adults","['40.760801', '-73.960446']"
Manhattan,"104 West 83rd Street #3B 195 1 Bedroom 1 Bathroom Apts, New York",HOTEL,,,,Fabulous8.8,"1 room, 3 adults","['40.784577', '-73.974227']"
Manhattan,"3 West Club, New York",HOTEL,$159 ,3.5-star,See all 233 Hotels.com reviews,8.2,"1 room, 3 adults","['40.759666', '-73.977292']"
Manhattan,"Conrad New York, New York",HOTEL,$297 ,5-star,See all 775 Hotels.com reviews,9.6,"1 room, 3 adults","['40.715053', '-74.016008']"
Manhattan,"Crowne Plaza Times Square Manhattan, New York",HOTEL,$105 ,4-star,"See all 3,824 Hotels.com reviews",8.4,"1 room, 3 adults","['40.76025', '-73.98478']"
Manhattan,"Bowery Grand Hotel, New York",HOTEL,$77 ,1-star,See all 265 Hotels.com reviews,4.4,"1 room, 3 adults","['40.719014', '-73.994535']"
Manhattan,"Blakely New York, New York",HOTEL,$225 ,4.5-star,See all 718 Hotels.com reviews,8.8,"1 room, 3 adults","['40.763655', '-73.979649']"
Manhattan,"Lincoln Center Apartments, New York",HOTEL,$336 ,3-star,,7.4,"1 room, 3 adults","['40.778805', '-73.98208']"
Manhattan,"Pod 51, New York",HOTEL,$129 ,3-star,"See all 3,427 Hotels.com reviews",8,"1 room, 3 adults","['40.755889', '-73.968987']"
Manhattan,"Central Park Studios at Lex, New York",HOTEL,,2-star,,Fabulous8.8,"1 room, 3 adults","['40.791442', '-73.946419']"
Manhattan,"Park West Hotel, New York",HOTEL,$90 ,3-star,See all 412 Hotels.com reviews,6.4,"1 room, 3 adults","['40.79974', '-73.95889']"
Manhattan,"The Standard East Village, New York",HOTEL,$195 ,4-star,See all 368 Hotels.com reviews,8.8,"1 room, 3 adults","['40.727844', '-73.991075']"
Manhattan,"Casamia 36 Hotel, New York",HOTEL,$146 ,3-star,See all 361 Hotels.com reviews,7.4,"1 room, 3 adults","['40.755642', '-73.997647']"
Manhattan,"346 East 65th 3A. 227 2 Bedrooms 1 Bathroom Apts, New York",HOTEL,,,,Fabulous8.8,"1 room, 3 adults","['40.763451', '-73.960036']"
Manhattan,"Beautiful Studio near Central Park, New York",HOTEL,,3.5-star,,Fabulous8.8,"1 room, 3 adults","['40.799349', '-73.96245']"
Manhattan,"The Frederick Hotel, New York",HOTEL,$127 ,4-star,See all 497 Hotels.com reviews,8.6,"1 room, 3 adults","['40.715505', '-74.009255']"
Manhattan,"428 W 47th Street 2 Bedroom Apartment, New York",HOTEL,,,,Fabulous8.8,"1 room, 3 adults","['40.762071', '-73.991571']"
Manhattan,"337 East Apartment #232479 Studio Bedroom 1 Bathroom Apts, New York",HOTEL,,,,Fabulous8.8,"1 room, 3 adults","['40.774295', '-73.952649']"
Manhattan,"NY016 4 Bedroom Apartment By Senstay, New York",HOTEL,,3.5-star,,Fabulous8.8,"1 room, 3 adults","['40.7609', '-73.98893']"
Manhattan,"Hotel Indigo Lower East Side New York, New York",HOTEL,$178 ,4.5-star,See all 771 Hotels.com reviews,8.8,"1 room, 3 adults","['40.721736', '-73.987497']"
Manhattan,"Hotel 32 32, New York",HOTEL,$124 ,4-star,"See all 1,330 Hotels.com reviews",8,"1 room, 3 adults","['40.746207', '-73.983351']"
Manhattan,"Hudson River Hotel, New York",HOTEL,$109 ,2.5-star,See all 315 Hotels.com reviews,7.4,"1 room, 3 adults","['40.755483', '-73.99733']"
Manhattan,"Metro Studio Apartment in Kipsbay, New York",HOTEL,,3-star,,Fabulous8.8,"1 room, 3 adults","['40.740896', '-73.981594']"
Manhattan,"474 9th Avenue 2B. 177 3 Bedrooms 1 Bathroom Apts, New York",HOTEL,,,,Fabulous8.8,"1 room, 3 adults","['40.754845', '-73.994908']"
Manhattan,"Club Quarters Hotel, opposite Rockefeller Center, New York",HOTEL,$151 ,4-star,"See all 1,651 Hotels.com reviews",8.2,"1 room, 3 adults","['40.75982', '-73.97835']"
Manhattan,"Clarion Hotel Park Avenue, New York",HOTEL,$199 ,2.5-star,See all 69 Hotels.com reviews,7.4,"1 room, 3 adults","['40.74417', '-73.98338']"
Manhattan,"Night Hotel Theater District, Times Square, New York",HOTEL,$129 ,4-star,See all 558 Hotels.com reviews,7.6,"1 room, 3 adults","['40.757349', '-73.984069']"
Manhattan,"United Nations Apartment Hotel, New York",HOTEL,,2.5-star,See all 56 Hotels.com reviews,5.4,"1 room, 3 adults","['40.751518', '-73.970371']"
Manhattan,"East 81 Studio #232468 Studio Bedroom 1 Bathroom Apts, New York",HOTEL,,3-star,,Fabulous8.8,"1 room, 3 adults","['40.774658', '-73.954099']"
Manhattan,"The Gregory Hotel, New York",HOTEL,$135 ,4-star,"See all 1,009 Hotels.com reviews",8,"1 room, 3 adults","['40.749875', '-73.985966']"
Manhattan,"414 Hotel, New York",HOTEL,$296 ,3.5-star,See all 90 Hotels.com reviews,9.6,"1 room, 3 adults","['40.76117', '-73.99117']"
Manhattan,"Soho Grand Hotel, New York",HOTEL,$199 ,4.5-star,See all 759 Hotels.com reviews,8.8,"1 room, 3 adults","['40.721886', '-74.004201']"
Manhattan,"201 East 89th Street #3b. 164 1 Bedroom 1 Bathroom Apts, New York",HOTEL,,,,Fabulous8.8,"1 room, 3 adults","['40.780668', '-73.952036']"
Manhattan,"Central Harlem Renovated Apartments, New York",HOTEL,,3-star,,Fabulous8.8,"1 room, 3 adults","['40.819469', '-73.937528']"
Manhattan,"Hilton Garden Inn New York/Manhattan-Chelsea, New York",HOTEL,$157 ,3.5-star,See all 968 Hotels.com reviews,8.6,"1 room, 3 adults","['40.746478', '-73.991579']"
Manhattan,"Washington Square Hotel, New York",HOTEL,$308 ,3.5-star,See all 333 Hotels.com reviews,8.8,"1 room, 3 adults","['40.73226', '-73.99867']"
Manhattan,"East 81 #232478 - studio Br Apts, New York",HOTEL,,3-star,,Very Good8.2,"1 room, 3 adults","['40.774658', '-73.954099']"
Manhattan,"Hello Broadway, New York",HOTEL,$195 ,3-star,,5.8,"1 room, 3 adults","['40.74725', '-73.98776']"
Manhattan,"The Wagner Hotel, New York",HOTEL,$223 ,5-star,,9,"1 room, 3 adults","['40.70552', '-74.01744']"
Manhattan,"The Marmara Manhattan, New York",HOTEL,$286 ,3.5-star,See all 335 Hotels.com reviews,8.4,"1 room, 3 adults","['40.782847', '-73.947762']"
Manhattan,"Freehand New York, New York",HOTEL,$129 ,4-star,,8.8,"1 room, 3 adults","['40.73973', '-73.98442']"
Manhattan,"329 East Apartment #232399 2 Bedrooms 1 Bathroom Apts, New York",HOTEL,,3-star,,Fabulous8.8,"1 room, 3 adults","['40.782498', '-73.946405']"
Manhattan,"NY002 4 Bedroom Apartment By Senstay, New York",HOTEL,,3.5-star,,Fabulous8.8,"1 room, 3 adults","['40.72218', '-74.00356']"
Manhattan,"Chelsea West 30th Street - 1BR Apartment, New York",HOTEL,,3.5-star,,Fabulous8.8,"1 room, 3 adults","['40.748942', '-73.993577']"
Manhattan,"The Inn at Irving Place, New York",HOTEL,$295 ,4-star,See all 111 Hotels.com reviews,9,"1 room, 3 adults","['40.736064', '-73.987251']"
Manhattan,"Direct Loft at 8 Rivington Street, New York",HOTEL,,2.5-star,,Fabulous8.8,"1 room, 3 adults","['40.72141', '-73.99294']"
Manhattan,"NY063 1 Bedroom Apartment By Senstay, New York",HOTEL,,3.5-star,,Fabulous8.8,"1 room, 3 adults","['40.7303', '-74.00502']"